{"chunk_definitions":[{"row":17,"row_count":1,"visible":true,"expansion_state":0,"options":{"engine":"r","label":"unnamed-chunk-2","dev":"png"},"document_id":"2ED535AA","chunk_id":"cae9jlleehfyd","chunk_label":"unnamed-chunk-2"},{"row":23,"row_count":1,"visible":true,"expansion_state":0,"options":{"engine":"r","label":"unnamed-chunk-3","dev":"png"},"document_id":"2ED535AA","chunk_id":"cjqls2n415bxg","chunk_label":"unnamed-chunk-3"},{"row":30,"row_count":1,"visible":true,"expansion_state":0,"options":{"engine":"r","label":"unnamed-chunk-4","dev":"png"},"document_id":"2ED535AA","chunk_id":"cx1fbx20sae2u","chunk_label":"unnamed-chunk-4"},{"row":34,"row_count":1,"visible":true,"expansion_state":0,"options":{"engine":"r","label":"unnamed-chunk-5","dev":"png"},"document_id":"2ED535AA","chunk_id":"cyl3m9x0ioylf","chunk_label":"unnamed-chunk-5"},{"row":271,"row_count":1,"visible":true,"expansion_state":0,"options":{"engine":"r","label":"unnamed-chunk-9","dev":"png"},"document_id":"2ED535AA","chunk_id":"c7votc1djoirq","chunk_label":"unnamed-chunk-14"},{"row":444,"row_count":1,"visible":true,"expansion_state":0,"options":{"engine":"r","label":"unnamed-chunk-12","dev":"png"},"document_id":"2ED535AA","chunk_id":"ciwibqhc35nlk","chunk_label":"unnamed-chunk-28"},{"row":456,"row_count":1,"visible":true,"expansion_state":0,"options":{"engine":"r","label":"unnamed-chunk-13","dev":"png"},"document_id":"2ED535AA","chunk_id":"c61t2t1q4xfw2","chunk_label":"unnamed-chunk-29"},{"row":467,"row_count":1,"visible":true,"expansion_state":0,"options":{"engine":"r","label":"unnamed-chunk-14","dev":"png"},"document_id":"2ED535AA","chunk_id":"cbrl4co8q0tow","chunk_label":"unnamed-chunk-30"},{"row":478,"row_count":1,"visible":true,"expansion_state":0,"options":{"engine":"r","label":"unnamed-chunk-15","dev":"png"},"document_id":"2ED535AA","chunk_id":"c4nro8751tj2j","chunk_label":"unnamed-chunk-31"}],"doc_write_time":1755298696}